<?xml version="1.0" encoding="UTF-8"?>
<project-private xmlns="http://www.netbeans.org/ns/project-private/1">
    <editor-bookmarks xmlns="http://www.netbeans.org/ns/editor-bookmarks/2" lastBookmarkId="0"/>
    <open-files xmlns="http://www.netbeans.org/ns/projectui-open-files/2">
        <group>
            <file>file:/C:/Users/JUAN%20Q/OneDrive/Documentos/NetBeansProjects/AutoMundo/src/Negocio/CategoriaControl.java</file>
            <file>file:/C:/Users/JUAN%20Q/OneDrive/Documentos/NetBeansProjects/AutoMundo/src/fronend/MDIpservidor.java</file>
            <file>file:/C:/Users/JUAN%20Q/OneDrive/Documentos/NetBeansProjects/AutoMundo/src/DataBase/Conexion.java</file>
            <file>file:/C:/Users/JUAN%20Q/OneDrive/Documentos/NetBeansProjects/AutoMundo/src/Datos/CategoriaDAO.java</file>
        </group>
    </open-files>
</project-private>
